scope,code,category,message_type,level,spec_page,center_command
COMMON,0F80,訊息回應處理,設定回報,B,4-4,True
COMMON,0F81,訊息回應處理,設定回報/查詢回報,B,4-5,True
COMMON,0F8F,訊息代傳,設定回報/查詢回報,A,4-7,True
COMMON,0F8E,訊息代傳,設定、查詢,A,4-10,True
COMMON,0F10,重新啟動設備,設定,B,4-13,True
COMMON,0F90,重新啟動設備,設定回報,B,4-15,True
COMMON,0F40,設備編號管理,查詢,O,4-16,True
COMMON,0FC0,設備編號管理,查詢回報,O,4-17,False
COMMON,0F00,電源中斷回報,主動回報,A,4-18,False
COMMON,0F11,設備通訊重新啟動與檢測管理,設定,B,4-19,True
COMMON,0F91,設備通訊重新啟動與檢測管理,設定回報,B,4-20,True
COMMON,0F41,設備通訊重新啟動與檢測管理,查詢,B,4-21,True
COMMON,0FC1,設備通訊重新啟動與檢測管理,查詢回報,B,4-22,False
COMMON,0F12,設備日期、時間管理,設定,B,4-23,True
COMMON,0F92,設備日期、時間管理,設定回報,B,4-25,True
COMMON,0F42,設備日期、時間管理,查詢,O,4-26,True
COMMON,0FC2,設備日期、時間管理,查詢回報,O,4-27,False
COMMON,0F02,設備日期、時間管理,主動回報,B,4-28,False
COMMON,0F13,設備韌體燒錄日期及版本管理,設定,B,4-29,True
COMMON,0F43,設備韌體燒錄日期及版本管理,查詢,B,4-30,True
COMMON,0FC3,設備韌體燒錄日期及版本管理,查詢回報,B,4-31,False
COMMON,0F14,設備硬體狀態管理,設定,B,4-33,True
COMMON,0F44,設備硬體狀態管理,查詢,B,4-34,True
COMMON,0FC4,設備硬體狀態管理,查詢回報,B,4-35,False
COMMON,0F04,設備硬體狀態管理,主動回報,B,4-36,False
COMMON,0F15,設備資料庫操作鎖定密碼管理,設定,B,4-39,True
COMMON,0F45,設備資料庫操作鎖定密碼管理,查詢,B,4-40,True
COMMON,0FC5,設備資料庫操作鎖定密碼管理,查詢回報,B,4-41,False
COMMON,0F16,設備資料庫操作保護管理,設定/解除,O,4-42,True
COMMON,0F46,設備資料庫操作保護管理,查詢,O,4-43,True
COMMON,0FC6,設備資料庫操作保護管理,查詢回報,O,4-44,False
COMMON,0F47,通訊協定回測狀態,查詢,O,4-45,True
COMMON,0FC7,通訊協定回測狀態,查詢回報,O,4-46,False
IC,5F10,目前控制策略管理,設定,A,5-6,True
IC,5F40,目前控制策略管理,查詢,A,5-8,True
IC,5FC0,目前控制策略管理,查詢回報,A,5-9,False
IC,5F00,目前控制策略管理,主動回報,A,5-10,False
IC,5F11,車道調撥控制參數管理,設定,A,5-12,True
IC,5F41,車道調撥控制參數管理,查詢,A,5-14,True
IC,5FC1,車道調撥控制參數管理,查詢回報,A,5-15,False
IC,5F01,車道調撥控制參數管理,主動回報,A,5-16,False
IC,5F12,車道調撥控制參數管理,設定,A,5-17,True
IC,5F42,車道調撥控制參數管理,查詢,A,5-19,True
IC,5FC2,車道調撥控制參數管理,查詢回報,A,5-20,False
IC,5F02,車道調撥控制參數管理,主動回報,A,5-21,False
IC,5F13,時相資料管理,設定,B,5-22,True
IC,5F43,時相資料管理,查詢,B,5-24,True
IC,5FC3,時相資料管理,查詢回報,B,5-25,False
IC,5F03,時相資料管理,主動回報,B,5-26,False
IC,5F14,時制計畫基本參數管理,設定,B,5-27,True
IC,5F44,時制計畫基本參數管理,查詢,B,5-29,True
IC,5FC4,時制計畫基本參數管理,查詢回報,B,5-30,False
IC,5F15,時制計畫資料庫管理,設定,B,5-31,True
IC,5F45,時制計畫資料庫管理,查詢,B,5-32,True
IC,5FC5,時制計畫資料庫管理,查詢回報,B,5-33,False
IC,5F16,一般日時段型態管理,設定,B,5-34,True
IC,5F46,一般日時段型態管理,查詢,B,5-36,True
IC,5FC6,一般日時段型態管理,查詢回報,B,5-37,False
IC,5F17,特殊日期段時段型態管理,設定,B,5-38,True
IC,5F47,特殊日期段時段型態管理,查詢,B,5-40,True
IC,5FC7,特殊日期段時段型態管理,查詢回報,B,5-41,False
IC,5F18,設定執行時制計畫,設定,B,5-42,True
IC,5F48,目前時制計畫管理,查詢,B,5-43,True
IC,5FC8,目前時制計畫管理,查詢回報,B,5-44,False
IC,5F19,觸動控制組態管理,設定,O,5-45,True
IC,5F49,觸動控制組態管理,查詢,O,5-47,True
IC,5FC9,觸動控制組態管理,查詢回報,O,5-48,False
IC,5F09,觸動控制進行回報,主動回報,O,5-49,False
IC,5F1A,一般日觸動排程管理,設定,O,5-50,True
IC,5F4A,一般日觸動排程管理,查詢,O,5-52,True
IC,5FCA,一般日觸動排程管理,查詢回報,O,5-53,False
IC,5F1B,特殊日觸動排程管理,設定,O,5-54,True
IC,5F4B,特殊日觸動排程管理,查詢,O,5-56,True
IC,5FCB,特殊日觸動排程管理,查詢回報,O,5-57,False
IC,5F1C,時相步階變換控制管理,設定,O,5-58,True
IC,5F4C,時相步階變換控制管理,查詢,O,5-60,True
IC,5FCC,時相步階變換控制管理,查詢回報,O,5-61,False
IC,5F0C,時相步階變換控制管理,主動回報,O,5-62,False
IC,5F1D,臨界路口控制,設定,A,5-63,True
IC,5F1E,特勤路線控制（VIP）參數管理,設定,O,5-64,True
IC,5F4E,特勤路線控制（VIP）參數管理,查詢,O,5-66,True
IC,5FCE,特勤路線控制（VIP）參數管理,查詢回報,O,5-67,False
IC,5F2F,時相步階排列管理,設定,O,5-68,True
IC,5F5F,時相步階排列管理,查詢,O,5-70,True
IC,5FDF,時相步階排列管理,查詢回報,O,5-71,False
IC,5F31,母機連鎖輸出組態管理,設定,O,5-72,True
IC,5F61,母機連鎖輸出組態管理,查詢,O,5-74,True
IC,5FE1,母機連鎖輸出組態管理,查詢回報,O,5-75,False
IC,5F32,子機連鎖組態管理,設定,O,5-76,True
IC,5F62,子機連鎖組態管理,查詢,O,5-77,True
IC,5FE2,子機連鎖組態管理,查詢回報,O,5-78,False
IC,5F33,子機控制組態管理,設定,O,5-79,True
IC,5F63,子機控制組態管理,查詢,O,5-80,True
IC,5FE3,子機控制組態管理,查詢回報,O,5-81,False
IC,5F08,現場操作回報,主動回報,B,5-82,False
IC,5F0A,設備資料更動回報,主動回報,B,5-83,False
IC,5F0B,要求資料庫資料重傳,主動回報,B,5-84,False
IC,5F3F,燈態步階傳輸週期管理,設定,B,5-85,True
IC,5F6F,燈態步階傳輸週期管理,查詢,B,5-86,True
IC,5FEF,燈態步階傳輸週期管理,查詢回報,B,5-87,False
IC,5F0F,燈態步階傳輸週期管理,主動回報,B,5-88,False
IC,5F3E,設備減光控制管理,設定,O,5-90,True
IC,5F6E,設備減光控制管理,查詢,O,5-92,True
IC,5FEE,設備減光控制管理,查詢回報,O,5-93,False
IC,5F0E,設備減光控制管理,主動回報,O,5-94,False
